Contrato,years
2013,12098362.680184335
2014,878087.9350230414
2015,12070043.560726572
2016,10634380.68998146
2017,10249573.99360676
2018,10382290.948176786
2019,10630608.662526881
2020,6354839.289999999
